[
  {
    "id": "5cc1d10130dfa407e2e54e20",
    "country": {
      "name": "Turkey",
      "code": "TUR"
    },
    "name": "Pleasant travel in cool Turkey",
    "days": 7,
    "cost": "$51,380.61",
    "image": "https://loremflickr.com/400/200/landscape,Turkey/all?lock=1",
    "address": "604 Loring Avenue, Welda, 4291, Turkey",
    "tags": [
      "beach"
    ],
    "intro": "Tempor nisi incididunt eu velit cupidatat fugiat ut aliquip veniam cupidatat amet. Id voluptate culpa reprehenderit ex proident pariatur Lorem esse aute ipsum aliqua. Elit duis est exercitation irure proident consectetur.",
    "description": "<p>Consectetur laborum occaecat pariatur ipsum. Incididunt esse minim cupidatat cillum exercitation quis sit ea nisi exercitation mollit fugiat duis cupidatat. Id pariatur aliquip proident ad deserunt sunt. Cillum nostrud ullamco ea ullamco eiusmod nostrud in. Incididunt elit eiusmod adipisicing ullamco enim non ullamco nisi in laborum. Qui irure ex ullamco nostrud esse irure ea ea.</p><p>Et esse nulla exercitation aute nostrud veniam velit sunt ea duis mollit laboris. Dolore ut labore labore ullamco commodo cillum enim consectetur reprehenderit ex pariatur do laboris ea. Magna enim magna elit quis eiusmod est ipsum ipsum cupidatat voluptate proident nisi in. Id duis tempor duis duis esse Lorem esse minim Lorem enim est. Adipisicing incididunt excepteur dolor cupidatat culpa sit occaecat quis commodo voluptate tempor consequat eu. Amet consequat Lorem cupidatat fugiat id sint sit fugiat eu aliqua sit quis eu.</p><p>Laboris occaecat consequat adipisicing eu. Eu officia occaecat nisi anim exercitation laborum in commodo nulla et esse adipisicing. Consectetur consectetur do irure laborum sunt. Incididunt nisi ipsum veniam sunt ullamco. Aute qui ipsum excepteur aliqua quis officia do magna.</p>"
  },
  {
    "id": "5cc1d10181a30e85c8d9ad4a",
    "country": {
      "name": "Togo",
      "code": "TGO"
    },
    "name": "Pleasant trek in outstanding Togo",
    "days": 3,
    "cost": "$29,318.86",
    "image": "https://loremflickr.com/400/200/landscape,Togo/all?lock=2",
    "address": "891 Clinton Street, Lund, 7753, Togo",
    "tags": [
      "skiing"
    ],
    "intro": "Consequat laboris velit enim incididunt ex irure. Elit quis dolore velit non incididunt.",
    "description": "<p>Elit consequat et pariatur esse qui deserunt nisi laboris dolore laborum exercitation et anim. Fugiat magna amet dolor esse nulla. Commodo incididunt nulla magna non excepteur laboris sit. Pariatur ut velit consectetur ullamco qui velit ipsum velit dolore reprehenderit. In mollit voluptate est nulla quis do eu quis laboris ut esse quis excepteur. Nulla est consectetur minim cupidatat nostrud minim.</p><p>Ut deserunt officia tempor et do. Aliqua reprehenderit duis cupidatat sunt occaecat deserunt quis amet Lorem et. Laborum enim laboris laborum sit anim magna. Lorem in culpa consequat aliquip nulla ipsum.</p><p>Amet ullamco qui et ad amet officia est ullamco eiusmod et incididunt. Anim ea incididunt culpa nisi sunt laboris culpa ipsum. Est consectetur nostrud nulla sit ea magna velit Lorem ullamco nostrud proident. Tempor et labore in ut eu reprehenderit laboris minim. Occaecat magna commodo eiusmod fugiat.</p><p>Lorem id adipisicing fugiat ad sint fugiat. Ea est id laborum aliquip fugiat laboris laboris anim ut fugiat deserunt amet ut pariatur. Labore consectetur sit duis culpa laborum eiusmod occaecat anim. Occaecat laborum qui voluptate ut proident anim labore incididunt enim qui deserunt cupidatat adipisicing. Elit velit nisi incididunt duis consequat non ea.</p>"
  },
  {
    "id": "5cc1d1014c75f672e46ef6d7",
    "country": {
      "name": "Timor-Leste",
      "code": "TLS"
    },
    "name": "Marvelous travel in fantastic Timor-Leste",
    "days": 14,
    "cost": "$139,398.25",
    "image": "https://loremflickr.com/400/200/landscape,Timor-Leste/all?lock=3",
    "address": "841 Moore Place, Rowe, 7595, Timor-Leste",
    "tags": [
      "skiing"
    ],
    "intro": "Velit elit do id est est. Proident id quis labore sunt officia laborum laboris deserunt ipsum sunt proident consectetur voluptate.",
    "description": "<p>Aliquip adipisicing sunt enim incididunt laboris quis Lorem dolore. Exercitation minim velit anim eiusmod proident labore adipisicing culpa et. Velit fugiat commodo tempor proident proident ex excepteur pariatur. Lorem commodo dolore Lorem nisi. Mollit sint quis irure velit.</p><p>Excepteur ad in consequat mollit aute veniam consectetur sunt qui et proident velit. Sint ex ex excepteur quis nisi excepteur aliquip exercitation aliquip dolor dolor eiusmod exercitation irure. Elit dolor elit incididunt quis officia minim Lorem enim aliquip et. Lorem laboris ut ipsum dolore sint officia. Aute anim et consequat labore nisi eu eu tempor officia aliqua anim sit veniam.</p><p>Cillum nulla Lorem officia Lorem irure minim consectetur laboris adipisicing deserunt fugiat labore est. Commodo veniam cupidatat adipisicing duis non dolore ad ipsum adipisicing laboris ea irure aliqua laboris. Fugiat cupidatat do est culpa fugiat esse consequat consequat laboris excepteur fugiat deserunt nulla. Commodo commodo cillum duis commodo officia enim nisi culpa excepteur qui non adipisicing. Labore incididunt voluptate deserunt tempor dolor consequat pariatur.</p><p>Cillum eiusmod reprehenderit aliqua excepteur laborum ad minim. Esse labore est amet culpa aliquip aliqua ipsum proident sunt nostrud veniam laboris. Consectetur ullamco minim duis sit quis esse do ex eu. Qui mollit tempor pariatur eiusmod aute incididunt Lorem excepteur amet cillum ipsum est.</p><p>Deserunt in ad elit ipsum nulla esse enim do exercitation. Amet fugiat aute culpa non labore. Elit laboris adipisicing dolor ea ipsum dolor. Cupidatat fugiat proident magna anim nisi non minim est aliqua reprehenderit sint ipsum. Aute laboris dolore quis Lorem labore incididunt veniam mollit mollit mollit amet. Qui ad labore ut proident ipsum veniam aute Lorem pariatur incididunt sit in. Esse dolor anim pariatur ea.</p>"
  },
  {
    "id": "5cc1d1015f3c5f5f14384b15",
    "country": {
      "name": "United States of America",
      "code": "USA"
    },
    "name": "Wondrous travel in excellent United States of America",
    "days": 12,
    "cost": "$33,416.78",
    "image": "https://loremflickr.com/400/200/landscape,United%20States%20of%20America/all?lock=4",
    "address": "502 McClancy Place, Defiance, 5223, United States of America",
    "tags": [
      "skiing",
      "spa",
      "child-friendly"
    ],
    "intro": "Incididunt culpa ex exercitation qui ullamco exercitation voluptate. Ut dolore dolore excepteur reprehenderit commodo esse consectetur irure occaecat voluptate labore quis. Proident minim adipisicing ad pariatur sunt eiusmod officia est commodo.",
    "description": "<p>Enim dolore aliqua aliqua mollit nulla sit aliqua enim voluptate est sunt cupidatat minim. Lorem ipsum commodo ad cillum Lorem velit velit nisi culpa. Commodo amet commodo adipisicing in sit sint reprehenderit excepteur tempor. Tempor eiusmod non proident sunt cillum nostrud esse esse dolor minim deserunt ut proident. Et quis consequat adipisicing ea consequat nulla minim ullamco ipsum. Anim non ut anim deserunt eu.</p><p>Occaecat adipisicing laboris labore aliqua irure nostrud in anim magna adipisicing. Est aliqua do cupidatat velit labore ullamco consectetur laborum magna irure quis fugiat cillum consectetur. Et magna nostrud ad incididunt elit mollit ea cillum elit commodo. Velit aute voluptate anim enim sint ad reprehenderit nulla pariatur do est aliquip. Fugiat nisi pariatur exercitation non nulla labore commodo dolor magna dolor adipisicing tempor voluptate veniam. Irure tempor excepteur reprehenderit amet laboris deserunt qui.</p><p>Tempor cupidatat irure consequat eu commodo. Veniam aliqua proident nostrud sunt laboris ullamco ea occaecat. Laboris sunt eiusmod minim dolor culpa velit est dolor amet. Cupidatat mollit incididunt est dolore voluptate exercitation aliqua do magna occaecat ad ea eiusmod nostrud. Occaecat ipsum est ex nostrud eu ea sint reprehenderit enim eiusmod commodo ad. Excepteur sit cillum enim ea eiusmod minim.</p><p>Adipisicing sunt dolore adipisicing labore consectetur aute est sit consequat adipisicing deserunt proident nisi non. Eiusmod aliqua ea pariatur est. Elit ad dolor qui incididunt tempor officia cupidatat enim do fugiat non commodo laborum. Sint laborum pariatur sunt commodo aliquip sit non consequat proident reprehenderit esse deserunt quis ut. Dolore est voluptate eu ullamco nostrud labore dolor est nostrud enim exercitation consequat. Laborum non cillum cupidatat enim sit nostrud pariatur reprehenderit adipisicing culpa elit nisi elit. Fugiat magna fugiat nostrud ea officia eu reprehenderit fugiat cupidatat sunt deserunt non.</p>"
  },
  {
    "id": "5cc1d10107e2be6064ff9129",
    "country": {
      "name": "United Arab Emirates",
      "code": "ARE"
    },
    "name": "Surprising jaunt in admirable United Arab Emirates",
    "days": 11,
    "cost": "$68,732.74",
    "image": "https://loremflickr.com/400/200/landscape,United%20Arab%20Emirates/all?lock=5",
    "address": "180 Fuller Place, Ryderwood, 8587, United Arab Emirates",
    "tags": [
      "pool",
      "skiing",
      "spa"
    ],
    "intro": "Occaecat exercitation quis minim officia magna eiusmod tempor incididunt aliquip id ea ex excepteur. Officia est sint mollit occaecat cillum tempor reprehenderit reprehenderit et enim duis.",
    "description": "<p>Dolor eu eu ad nisi quis duis. Non nostrud aliqua sit do dolor in enim aliqua esse fugiat ullamco. Nulla tempor sit consectetur reprehenderit id nisi labore ullamco aliquip sit cupidatat eu consequat. Non irure ut aliqua amet id dolore consectetur. Exercitation deserunt aliqua adipisicing duis nulla non eiusmod aliqua in ipsum eu.</p><p>Adipisicing pariatur minim veniam voluptate occaecat Lorem ex dolor labore officia aliquip consectetur. Cupidatat occaecat ea aute adipisicing aliqua est in dolor nisi culpa occaecat eu labore. Laboris enim ex adipisicing id amet ullamco cillum dolore enim id consequat velit. Ullamco proident non sunt fugiat qui. Duis amet ipsum id consequat quis voluptate aliqua veniam. Incididunt sunt non laboris duis eiusmod ad elit exercitation laboris sint fugiat. Esse enim qui in ullamco nostrud elit irure.</p><p>Velit aliquip id tempor in. Sint ex incididunt fugiat commodo eiusmod. Consectetur irure sit eiusmod occaecat esse magna qui eu est consectetur nisi aliqua eu occaecat. Aliquip enim magna proident reprehenderit ad nisi qui ipsum ex incididunt nulla ullamco quis duis.</p><p>Et magna nulla duis consequat ut excepteur duis labore cupidatat aute deserunt ea. Elit sunt Lorem consequat esse elit esse. Fugiat sit tempor labore ullamco consectetur aute quis reprehenderit Lorem magna dolor eiusmod dolore. Elit non sint nostrud sit proident cupidatat ullamco. Cillum voluptate qui eu quis incididunt ad.</p>"
  },
  {
    "id": "5cc1d101b5c152e861b59e67",
    "country": {
      "name": "Viet Nam",
      "code": "VNM"
    },
    "name": "Fabulous swing in strange Viet Nam",
    "days": 2,
    "cost": "$9,552.96",
    "image": "https://loremflickr.com/400/200/landscape,Viet%20Nam/all?lock=6",
    "address": "659 Metrotech Courtr, Alafaya, 6102, Viet Nam",
    "tags": [
      "all-inclusive"
    ],
    "intro": "Eiusmod excepteur incididunt nulla adipisicing et incididunt excepteur amet eiusmod deserunt nisi deserunt. Ut id et anim aute id pariatur pariatur sunt.",
    "description": "<p>Qui cillum pariatur id cupidatat amet in exercitation mollit exercitation voluptate pariatur sint quis ullamco. Mollit proident amet cillum proident sint qui cillum. Ea ad nisi ea veniam in ea velit labore ipsum. Dolore aute amet ut ad sunt amet nostrud aliqua id.</p><p>Eiusmod tempor do ullamco in magna ipsum magna duis aliquip ea ipsum amet dolore ullamco. Non minim dolore proident est. Id aliqua voluptate amet magna ex mollit. Do aute in quis aliquip esse excepteur velit.</p><p>Aliquip Lorem cillum proident elit non eiusmod pariatur duis sint. Exercitation dolor esse et sit cupidatat duis veniam non ad sunt. Tempor ipsum consectetur cillum reprehenderit mollit veniam adipisicing adipisicing ipsum pariatur qui amet est cillum.</p>"
  },
  {
    "id": "5cc1d101c14e0c089704b466",
    "country": {
      "name": "Western Sahara",
      "code": "ESH"
    },
    "name": "Strange travel in marvelous Western Sahara",
    "days": 8,
    "cost": "$22,473.95",
    "image": "https://loremflickr.com/400/200/landscape,Western%20Sahara/all?lock=7",
    "address": "406 Hubbard Place, Sanborn, 3593, Western Sahara",
    "tags": [
      "skiing",
      "pool",
      "child-friendly"
    ],
    "intro": "Consectetur est eu duis laborum tempor. Ad ea aliqua pariatur exercitation id aute mollit.",
    "description": "<p>Aliqua dolor eu dolor voluptate tempor sunt ex labore aute pariatur dolore eu. Pariatur Lorem aute enim commodo ut eu consectetur sunt esse magna officia sunt minim tempor. Mollit eiusmod ad do nisi aute ullamco tempor amet in eu nisi.</p><p>Tempor esse reprehenderit et officia id laboris velit ut in dolore pariatur. Eu culpa id adipisicing eiusmod ullamco eu non pariatur sunt cupidatat aliqua occaecat excepteur aliqua. Ullamco anim mollit do excepteur. Fugiat pariatur officia fugiat irure irure mollit excepteur laborum. Nisi elit eu nulla sint officia dolore consequat minim sit elit sunt tempor labore minim.</p><p>In aute ut ad tempor officia incididunt eu pariatur eu minim aliquip non dolore duis. Sit aliqua dolore veniam eiusmod anim consequat anim proident. Laboris adipisicing dolore ipsum officia. Ullamco Lorem deserunt nisi duis labore dolor aliqua exercitation in.</p><p>Labore ut excepteur proident reprehenderit consequat. Id magna ipsum reprehenderit cillum laborum. Ex ad occaecat pariatur pariatur minim. Do ut proident incididunt fugiat ullamco deserunt esse proident ad qui. Mollit consequat veniam aliqua officia reprehenderit ipsum consequat minim. Excepteur officia do sunt pariatur qui. Nisi esse do sint in irure.</p>"
  },
  {
    "id": "5cc1d1013091dba04d042a96",
    "country": {
      "name": "Vanuatu",
      "code": "VUT"
    },
    "name": "Excellent swing in pleasant Vanuatu",
    "days": 14,
    "cost": "$24,168.28",
    "image": "https://loremflickr.com/400/200/landscape,Vanuatu/all?lock=8",
    "address": "480 Madison Street, Hinsdale, 4696, Vanuatu",
    "tags": [
      "skiing",
      "spa",
      "pool"
    ],
    "intro": "Ea velit ut dolor consequat laborum aliqua do eiusmod do aliquip. Aute eiusmod duis anim Lorem eiusmod excepteur pariatur ipsum anim esse veniam.",
    "description": "<p>Proident voluptate mollit in non tempor. Consectetur ea aute laboris commodo excepteur magna proident cupidatat ea. Ea in pariatur pariatur ut nulla tempor exercitation elit ea tempor fugiat tempor.</p><p>Labore adipisicing officia culpa et. Eu dolor fugiat tempor cupidatat irure sit exercitation magna duis velit incididunt excepteur excepteur. Reprehenderit cupidatat laboris pariatur aliquip. Aute voluptate veniam dolor aliquip. Culpa sunt labore minim officia veniam est adipisicing est. Tempor officia sit ullamco do fugiat adipisicing cupidatat proident. Irure et reprehenderit duis ullamco excepteur magna et anim ad amet.</p><p>Consectetur consequat ut elit id exercitation. Voluptate sint qui commodo duis in elit voluptate cillum dolore esse. Minim ea cupidatat deserunt aliquip amet ullamco enim irure. Elit ipsum tempor voluptate aliqua cillum. Ipsum commodo veniam mollit cupidatat. Occaecat duis dolore adipisicing aliquip ullamco nisi voluptate commodo irure eiusmod mollit nisi fugiat.</p>"
  },
  {
    "id": "5cc1d101d4646f89f3e65aa9",
    "country": {
      "name": "Venezuela (Bolivarian Republic of)",
      "code": "VEN"
    },
    "name": "Pleasing outing in brilliant Venezuela (Bolivarian Republic of)",
    "days": 4,
    "cost": "$15,538.88",
    "image": "https://loremflickr.com/400/200/landscape,Venezuela%20/all?lock=9",
    "address": "571 Colonial Court, Waterford, 662, Venezuela (Bolivarian Republic of)",
    "tags": [
      "child-friendly",
      "beach"
    ],
    "intro": "Sint mollit laboris ea pariatur excepteur laborum ullamco laborum aliquip proident aute sint. Exercitation cillum aute est eiusmod irure occaecat nostrud est incididunt nostrud tempor cillum non. Anim excepteur cillum dolore quis deserunt magna.",
    "description": "<p>Anim eiusmod aute esse eiusmod quis cillum exercitation sunt nostrud reprehenderit anim et consequat. Eiusmod amet adipisicing excepteur minim minim Lorem officia nisi voluptate magna in sint minim tempor. Proident Lorem minim commodo ea ut voluptate id mollit consectetur incididunt ullamco proident velit. Excepteur commodo nulla nulla ut commodo id consectetur. Quis eu reprehenderit deserunt eu occaecat. Voluptate in mollit deserunt Lorem anim.</p><p>Ad labore eu elit magna et id ipsum irure proident eiusmod adipisicing fugiat mollit dolor. Mollit non ea ad proident dolore aliqua cupidatat deserunt ullamco eu dolore duis. Dolore velit voluptate duis excepteur laborum ipsum in. Lorem ullamco exercitation ut in. Adipisicing non exercitation anim proident proident. Duis incididunt in aliqua id sint. Dolor ut ex velit et pariatur nostrud.</p><p>Qui quis culpa amet pariatur irure incididunt. Proident ad cillum sit sint est. Magna quis ea est dolore enim officia magna culpa id Lorem elit amet cupidatat et. Mollit id officia veniam sit nisi occaecat et cillum quis occaecat ipsum irure.</p><p>Occaecat dolore sunt labore reprehenderit cillum ipsum labore nisi incididunt ea fugiat reprehenderit minim. Eiusmod exercitation est enim et labore laboris. Anim qui amet sint fugiat minim quis ipsum occaecat.</p>"
  },
  {
    "id": "5cc1d1016367ab269dad2216",
    "country": {
      "name": "Vanuatu",
      "code": "VUT"
    },
    "name": "Wondrous foray in remarkable Vanuatu",
    "days": 9,
    "cost": "$20,289.57",
    "image": "https://loremflickr.com/400/200/landscape,Vanuatu/all?lock=10",
    "address": "660 Clarkson Avenue, Fairforest, 1273, Vanuatu",
    "tags": [
      "beach"
    ],
    "intro": "Consequat quis culpa magna incididunt amet Lorem dolore sint laboris excepteur. Amet do incididunt ipsum sint consectetur nisi fugiat et ad culpa adipisicing culpa exercitation eiusmod. Occaecat commodo consectetur minim tempor quis est.",
    "description": "<p>Veniam nostrud consequat quis aute velit laborum tempor ex velit minim aliqua tempor nostrud id. Dolor sunt ut anim officia sint ullamco anim. Mollit pariatur cupidatat fugiat occaecat mollit ut deserunt do id cupidatat mollit duis.</p><p>Minim cillum mollit dolor esse laborum eu adipisicing irure. Sunt sit officia cillum laboris cillum in magna non excepteur deserunt culpa nulla et. Velit excepteur ut id deserunt aliqua reprehenderit ut occaecat. Lorem enim esse exercitation commodo ad dolore enim.</p><p>Eu cillum ea sint ea sint ipsum mollit commodo. Voluptate anim aliquip Lorem consectetur excepteur sit aliqua. Cillum nisi do elit nulla quis nulla voluptate irure adipisicing amet elit laborum. Eiusmod sint enim amet sit irure voluptate. Aute ea aliqua non sunt mollit et sint ex velit id ex. Duis mollit qui do magna. Officia aute magna dolor adipisicing minim adipisicing.</p><p>Sunt qui aliquip ea et duis sint sit consectetur. Proident dolore proident tempor duis et sit est. Minim labore adipisicing sit laborum sint fugiat exercitation non eiusmod cillum dolor incididunt adipisicing ut. Est cillum quis aliqua sint sunt pariatur voluptate magna est laborum sit adipisicing pariatur aute.</p>"
  },
  {
    "id": "5cc1d101f5472008227158cf",
    "country": {
      "name": "Zimbabwe",
      "code": "ZWE"
    },
    "name": "Remarkable swing in fine Zimbabwe",
    "days": 5,
    "cost": "$29,255.01",
    "image": "https://loremflickr.com/400/200/landscape,Zimbabwe/all?lock=11",
    "address": "984 Bennet Court, Marienthal, 6696, Zimbabwe",
    "tags": [
      "pool"
    ],
    "intro": "Et sint officia deserunt nostrud. Fugiat labore sint non dolore irure consectetur ad ullamco cillum quis irure. Mollit officia adipisicing veniam esse culpa ad non ad aliqua.",
    "description": "<p>Adipisicing sit laboris labore sunt est ullamco excepteur pariatur. Proident cupidatat laboris excepteur esse reprehenderit nulla consequat. Fugiat qui ipsum elit ut tempor elit officia non consectetur est. Aliqua dolor excepteur aliqua dolor reprehenderit officia. Sit commodo deserunt cupidatat nostrud reprehenderit tempor. Nostrud anim esse duis consectetur duis pariatur occaecat fugiat adipisicing occaecat aute quis magna. Aliqua deserunt sit dolor ex.</p><p>Est velit dolore id eiusmod commodo fugiat esse. Magna deserunt ullamco ex esse adipisicing proident sit laborum fugiat. Sint exercitation reprehenderit labore quis sit magna ullamco laborum ut excepteur aliquip deserunt. Elit consequat tempor adipisicing velit minim magna aliquip magna magna cillum cupidatat est mollit.</p><p>Deserunt occaecat sint ipsum sit aute eu. Ut velit eiusmod sit do aliqua sint aute officia adipisicing ipsum commodo eu. Incididunt ullamco officia aliquip et mollit esse occaecat commodo cupidatat nulla aliqua minim excepteur. Officia deserunt occaecat excepteur sint voluptate aute est. Dolore laborum laboris ut ut culpa sint sit aliqua. Dolor voluptate qui magna dolore cupidatat consequat amet culpa adipisicing sint labore Lorem et incididunt. Dolore reprehenderit ullamco et velit ea ut ut quis nisi aliqua in cupidatat.</p><p>Est sint aliqua veniam sit consequat dolor laboris aliqua eu quis exercitation ut. Nisi velit ut consectetur qui veniam. Qui irure magna consequat consequat elit ut velit officia reprehenderit qui proident incididunt. Ad proident in do id aliqua officia deserunt non laborum ipsum nisi. Do fugiat anim ex deserunt magna ullamco enim laborum.</p><p>Sint id nulla labore magna minim laborum cupidatat cupidatat eiusmod. Officia magna velit ea dolore exercitation do veniam dolor laboris. Incididunt ad laborum aute nostrud quis magna qui elit amet cupidatat exercitation.</p>"
  },
  {
    "id": "5cc1d101d95c0888745ef15e",
    "country": {
      "name": "United Arab Emirates",
      "code": "ARE"
    },
    "name": "Enjoyable foray in fine United Arab Emirates",
    "days": 12,
    "cost": "$28,512.89",
    "image": "https://loremflickr.com/400/200/landscape,United%20Arab%20Emirates/all?lock=12",
    "address": "454 Hampton Avenue, Sisquoc, 6988, United Arab Emirates",
    "tags": [
      "child-friendly",
      "pool"
    ],
    "intro": "Pariatur nulla nulla dolore excepteur sit do. Adipisicing velit officia tempor sit adipisicing labore qui do non nostrud adipisicing aliquip ea Lorem. Minim pariatur laboris officia laboris exercitation irure fugiat irure ad irure eu.",
    "description": "<p>Sint reprehenderit incididunt proident laborum id. Veniam culpa quis minim fugiat veniam. Voluptate officia tempor non commodo proident amet pariatur nulla deserunt officia dolore consectetur consectetur. Officia proident ullamco eiusmod mollit occaecat cillum enim elit dolor voluptate consequat incididunt voluptate.</p><p>Elit aute magna aliquip non nisi aliqua. Ad est officia tempor laboris voluptate laboris aliqua reprehenderit cupidatat pariatur ut. Adipisicing est magna ex veniam culpa aliquip. Duis laborum irure ex aliquip magna nulla incididunt ut elit elit aliqua labore. Est sit proident sint aute.</p><p>Irure non excepteur nulla cillum exercitation labore ea commodo deserunt elit enim cillum nisi nulla. Quis anim quis nisi adipisicing. Consequat et do aliqua sit quis commodo consectetur irure in esse duis ad aliqua labore. Sint pariatur nulla nisi anim duis consectetur commodo voluptate anim sunt voluptate. Nisi tempor eu non Lorem enim.</p><p>Dolor exercitation commodo mollit sunt laboris sint aute amet aliqua do sunt voluptate. Fugiat fugiat magna est tempor irure dolore proident. Sint minim consectetur ut cillum culpa adipisicing incididunt do eu. Do ut fugiat veniam quis irure ex eu labore adipisicing. Anim sunt est reprehenderit magna officia aliquip id minim eiusmod do duis anim dolor. Exercitation in nulla officia mollit ipsum laboris dolore exercitation adipisicing. Nisi in exercitation aliquip incididunt ut ad proident occaecat quis eiusmod proident elit anim Lorem.</p>"
  },
  {
    "id": "5cc1d101d1d772361a852357",
    "country": {
      "name": "Zambia",
      "code": "ZMB"
    },
    "name": "Pleasant foray in astonishing Zambia",
    "days": 6,
    "cost": "$50,075.44",
    "image": "https://loremflickr.com/400/200/landscape,Zambia/all?lock=13",
    "address": "483 Battery Avenue, Springdale, 4198, Zambia",
    "tags": [
      "beach",
      "all-inclusive"
    ],
    "intro": "Est magna labore proident nisi non pariatur nostrud aliquip ut ut enim. Ea veniam pariatur proident non in sunt reprehenderit ipsum fugiat ut cillum Lorem. Labore anim duis irure nostrud ullamco duis.",
    "description": "<p>Voluptate do laborum qui est ipsum ex proident velit magna aliqua deserunt cillum qui Lorem. Reprehenderit aliquip sint non et officia tempor dolor ex eiusmod cillum non eu. Veniam voluptate exercitation sit anim exercitation do incididunt ipsum veniam esse voluptate sit aute officia. Excepteur proident reprehenderit irure reprehenderit pariatur sunt do. Est quis enim proident aliquip duis ipsum tempor et Lorem. Velit laboris cillum nulla officia consequat eu. Cupidatat velit enim minim sint quis eu exercitation.</p><p>Sunt Lorem consequat tempor qui duis consequat adipisicing eiusmod irure laborum. Incididunt consequat adipisicing sint qui ut voluptate excepteur qui occaecat enim irure est elit elit. Ea aliquip eiusmod esse et quis mollit. Culpa non mollit veniam sit voluptate consectetur aliqua aliqua duis enim aute sunt. Ut ad laborum sunt ut mollit.</p><p>Adipisicing aute quis eiusmod velit nostrud sint qui ad amet anim. Fugiat duis consequat officia in ea eiusmod deserunt commodo tempor. Magna nostrud pariatur anim nulla irure deserunt. Id ea occaecat labore velit commodo nostrud commodo proident. Aute pariatur proident aliqua nulla velit sunt reprehenderit commodo.</p><p>Lorem occaecat amet dolore minim commodo culpa mollit qui labore nisi magna aliqua cupidatat. Dolore consectetur cillum do dolor aute est reprehenderit reprehenderit pariatur. Officia occaecat ut ex ad.</p><p>Deserunt ea sit mollit aliqua exercitation exercitation veniam enim ea. Esse consequat ullamco laborum reprehenderit nulla laborum eiusmod tempor do enim eu ea do. Anim et incididunt ut quis enim fugiat ullamco sit commodo. Magna irure ea sunt et exercitation non labore eu cupidatat.</p>"
  },
  {
    "id": "5cc1d10162f0f1af674aaf17",
    "country": {
      "name": "United Arab Emirates",
      "code": "ARE"
    },
    "name": "Fabulous outing in awesome United Arab Emirates",
    "days": 12,
    "cost": "$114,035.09",
    "image": "https://loremflickr.com/400/200/landscape,United%20Arab%20Emirates/all?lock=14",
    "address": "525 Channel Avenue, Coalmont, 1897, United Arab Emirates",
    "tags": [
      "child-friendly",
      "beach"
    ],
    "intro": "Id cillum consectetur consectetur minim pariatur occaecat incididunt officia commodo. Adipisicing id commodo minim eiusmod mollit amet laboris duis aute occaecat irure.",
    "description": "<p>Id minim ut sint velit sint culpa laborum velit sunt sint mollit. Occaecat qui aute aute adipisicing. Minim incididunt ea nostrud consectetur tempor ea eiusmod ad labore ad exercitation reprehenderit. Eiusmod dolor esse dolore ipsum laborum nostrud eiusmod elit ipsum consectetur anim elit.</p><p>Ad magna labore est ea exercitation do minim officia. Id dolore elit irure nulla cupidatat mollit minim consectetur nisi irure adipisicing. Dolor velit aliqua aute voluptate dolore magna anim commodo. Adipisicing culpa dolor consectetur consectetur sunt in aliquip est ipsum ut voluptate excepteur. Occaecat adipisicing esse aliquip quis labore ad irure pariatur.</p><p>Veniam id eu cupidatat sunt reprehenderit dolor adipisicing mollit ullamco aliquip. Tempor nisi eiusmod magna mollit sint ad culpa enim sit cupidatat consectetur. Nostrud eiusmod proident consectetur voluptate ad ullamco minim duis fugiat velit ipsum anim.</p>"
  },
  {
    "id": "5cc1d101d15304d9eaa053a4",
    "country": {
      "name": "United Arab Emirates",
      "code": "ARE"
    },
    "name": "Terrific jaunt in admirable United Arab Emirates",
    "days": 3,
    "cost": "$22,814.08",
    "image": "https://loremflickr.com/400/200/landscape,United%20Arab%20Emirates/all?lock=15",
    "address": "371 King Street, Convent, 3619, United Arab Emirates",
    "tags": [
      "beach",
      "pool"
    ],
    "intro": "Veniam labore pariatur reprehenderit Lorem dolore non esse adipisicing dolore. Esse duis incididunt cupidatat elit velit amet ea cupidatat velit consequat sunt magna.",
    "description": "<p>Sunt deserunt non minim ad nisi fugiat tempor elit. Deserunt consectetur non cupidatat nostrud fugiat exercitation commodo laborum aute consectetur laboris. Magna ipsum reprehenderit magna eiusmod occaecat deserunt aute eiusmod exercitation sit. Nostrud occaecat nisi laboris id et exercitation aliquip reprehenderit reprehenderit est. Qui ut ullamco proident laborum et laborum ad qui incididunt ullamco ex. Laborum adipisicing consequat minim ipsum sunt esse quis reprehenderit ipsum.</p><p>Commodo ut fugiat officia officia proident aute cupidatat velit cillum labore dolore irure nostrud in. Aute id cupidatat consectetur officia irure proident sint commodo dolor. Voluptate nulla commodo cillum commodo dolor irure non id nisi qui culpa. Ut adipisicing eiusmod nostrud cupidatat mollit nisi ex Lorem incididunt voluptate aliqua qui. Cupidatat cupidatat nisi veniam tempor sit. Culpa irure sit cupidatat cupidatat nulla officia et. Irure veniam non duis elit sunt velit in et sint nostrud ea ad consectetur.</p><p>Est duis proident ullamco exercitation Lorem proident elit consectetur. Magna nostrud ullamco id labore sunt. Tempor dolore id velit amet in quis aute velit esse magna. Cillum laboris ut culpa laborum duis labore fugiat cillum veniam sint fugiat.</p><p>Eu officia consectetur ad aute sit in amet dolore. Ipsum elit voluptate velit ut laboris velit cillum esse magna proident id deserunt ullamco. Incididunt cillum nisi enim eu occaecat veniam aute sint eu voluptate aliqua culpa sint ullamco. Irure velit qui anim magna sunt ipsum elit. Nostrud eiusmod laborum enim exercitation sit occaecat non. Irure qui elit commodo enim elit ipsum minim. Cillum amet esse amet eiusmod.</p>"
  },
  {
    "id": "5cc1d10196640709075d389e",
    "country": {
      "name": "Tokelau",
      "code": "TKL"
    },
    "name": "Tremendous jaunt in brilliant Tokelau",
    "days": 4,
    "cost": "$37,692.67",
    "image": "https://loremflickr.com/400/200/landscape,Tokelau/all?lock=16",
    "address": "671 Ferry Place, Balm, 8234, Tokelau",
    "tags": [
      "child-friendly",
      "pool",
      "spa"
    ],
    "intro": "Ex voluptate aute ipsum laboris ex eu occaecat. Proident sit et enim do irure in nulla consectetur ullamco consectetur amet ex. Nisi officia commodo Lorem officia excepteur aute ut consequat voluptate sit sit labore incididunt.",
    "description": "<p>Est non labore non anim cillum. Tempor enim elit non qui id voluptate consectetur excepteur cillum consectetur ut. Veniam ut proident voluptate magna eu anim pariatur sunt cillum id irure sit labore. Qui incididunt ullamco velit aliquip cillum cillum non cillum tempor nisi amet dolore.</p><p>Commodo ut et mollit consectetur ex deserunt in. Commodo labore voluptate veniam ad. Lorem ad cupidatat non esse fugiat aliqua aliquip tempor ea laborum adipisicing id.</p><p>Aute aliqua eiusmod eiusmod aute commodo mollit et commodo quis Lorem laborum tempor. Pariatur id id laborum ipsum adipisicing do irure. Dolore excepteur exercitation pariatur culpa sint proident elit ut id sint pariatur ad. Velit ipsum laborum quis culpa est. Aliqua aute amet proident proident occaecat excepteur labore proident reprehenderit minim ullamco consectetur. Est dolor ullamco quis anim incididunt ad tempor reprehenderit minim laborum voluptate.</p>"
  },
  {
    "id": "5cc1d101ed390106eadbee81",
    "country": {
      "name": "Venezuela (Bolivarian Republic of)",
      "code": "VEN"
    },
    "name": "Outstanding trek in magnificent Venezuela (Bolivarian Republic of)",
    "days": 14,
    "cost": "$75,877.03",
    "image": "https://loremflickr.com/400/200/landscape,Venezuela%20/all?lock=17",
    "address": "501 Maujer Street, Canterwood, 6885, Venezuela (Bolivarian Republic of)",
    "tags": [
      "spa",
      "beach",
      "all-inclusive"
    ],
    "intro": "Laboris aliqua incididunt eiusmod labore culpa dolore occaecat laborum deserunt culpa minim dolor. Do cupidatat nisi duis sint ex culpa consequat velit aliqua et.",
    "description": "<p>Consectetur aliqua consectetur consectetur deserunt eu deserunt occaecat tempor dolore amet fugiat fugiat nisi adipisicing. Nulla ex est consectetur exercitation duis sit excepteur. Amet sint exercitation do ea et deserunt ut fugiat Lorem anim magna aliqua et culpa. Labore sint esse velit ut consectetur labore Lorem. Est sunt enim pariatur aliqua et ea exercitation labore et sit.</p><p>Reprehenderit magna tempor sint excepteur magna id duis irure in laboris reprehenderit. Eu deserunt consectetur excepteur cillum. Sunt veniam exercitation laborum id dolor et dolor esse. Ut sunt dolor dolor veniam fugiat magna pariatur Lorem labore. Adipisicing ullamco deserunt fugiat esse veniam cupidatat. Consectetur et pariatur voluptate sit veniam irure pariatur ad culpa eiusmod nostrud.</p><p>Enim aute amet eiusmod do commodo culpa. Cillum enim ea minim minim fugiat nisi ex. Et sunt id nisi laborum deserunt minim. Et officia officia laborum velit eiusmod duis elit ullamco deserunt laborum dolor aliqua cillum eu. Velit et elit consequat non minim consequat enim eu ullamco adipisicing amet.</p>"
  },
  {
    "id": "5cc1d101bdf33c2d65ee7184",
    "country": {
      "name": "Zambia",
      "code": "ZMB"
    },
    "name": "Sensational expedition in fine Zambia",
    "days": 4,
    "cost": "$23,943.00",
    "image": "https://loremflickr.com/400/200/landscape,Zambia/all?lock=18",
    "address": "231 Hoyt Street, Morriston, 1255, Zambia",
    "tags": [
      "spa",
      "child-friendly"
    ],
    "intro": "Tempor laboris sit nisi est irure in in. Dolor eu sit culpa quis excepteur reprehenderit ipsum sint nisi in amet sint ex eu. Culpa aute cillum dolor qui non dolor.",
    "description": "<p>Culpa anim veniam sit dolor laborum ullamco nostrud aliqua. Id esse reprehenderit id ea amet aliquip incididunt non proident proident excepteur reprehenderit nostrud. Labore qui sint ipsum adipisicing proident quis amet. Laboris eu minim est cupidatat. Incididunt irure ex esse aute mollit incididunt mollit occaecat ex nisi ullamco eiusmod.</p><p>Irure ipsum incididunt aliquip est deserunt ut irure aliquip sunt laborum reprehenderit. Quis non quis reprehenderit sint nulla tempor labore magna ea reprehenderit id consectetur laboris. Fugiat aliqua et elit qui sit consectetur aliqua aute ex. Esse ut ut cillum fugiat ipsum. Quis pariatur reprehenderit magna irure labore magna aliqua aute nulla laboris. Laboris sit dolor dolor Lorem dolor deserunt excepteur magna anim consectetur velit nostrud. Reprehenderit magna culpa aute adipisicing aute eiusmod do ullamco.</p><p>Adipisicing dolore nisi enim tempor sunt Lorem eiusmod reprehenderit velit dolore et ut sunt. Nulla voluptate duis ea cupidatat magna. Ut commodo irure nisi ad in. Adipisicing eiusmod in sint cupidatat labore consectetur aliqua eiusmod ipsum. Qui ad mollit id laboris.</p>"
  },
  {
    "id": "5cc1d1011736309a788fd36d",
    "country": {
      "name": "Tokelau",
      "code": "TKL"
    },
    "name": "Marvelous foray in brilliant Tokelau",
    "days": 13,
    "cost": "$129,701.23",
    "image": "https://loremflickr.com/400/200/landscape,Tokelau/all?lock=19",
    "address": "495 Otsego Street, Brownlee, 198, Tokelau",
    "tags": [
      "child-friendly"
    ],
    "intro": "Sunt fugiat nisi id sint elit sunt. Laborum aute deserunt proident cillum officia officia aliqua reprehenderit exercitation ullamco quis laboris ad.",
    "description": "<p>Exercitation eiusmod consectetur commodo fugiat culpa aliqua eu ex id aute sit. Amet nostrud ea deserunt proident nulla Lorem nisi ex culpa ea esse ex cillum in. Nostrud laborum excepteur aliqua non minim. Exercitation nulla magna tempor esse reprehenderit anim ex et sint cupidatat. Deserunt voluptate in id magna Lorem dolor incididunt anim esse est ullamco do. Consectetur fugiat dolor do esse.</p><p>Id aute sint consequat ullamco sunt adipisicing. Amet sint anim exercitation officia exercitation duis ipsum nulla ut est tempor et. Elit esse minim ea ex elit sunt laboris voluptate sint cillum labore deserunt. Esse duis deserunt amet tempor quis qui.</p><p>Qui irure labore Lorem nisi officia consectetur exercitation anim enim fugiat. Voluptate excepteur pariatur exercitation dolore qui ipsum. Dolore cillum aliqua adipisicing officia eu.</p><p>Id quis aliquip nisi commodo nisi veniam incididunt ut et in. Eiusmod minim qui ipsum reprehenderit pariatur enim adipisicing cillum duis sit aute exercitation id id. Do est tempor laboris velit officia fugiat ea et aliquip magna mollit culpa veniam qui. Occaecat do ad et est exercitation nisi consequat et nulla. Mollit id velit nulla consectetur pariatur ex. Do ut veniam velit consectetur excepteur consectetur. Consectetur Lorem ea mollit tempor magna.</p>"
  },
  {
    "id": "5cc1d10191ea16c92659d4d4",
    "country": {
      "name": "Uganda",
      "code": "UGA"
    },
    "name": "Admirable foray in outstanding Uganda",
    "days": 4,
    "cost": "$32,853.39",
    "image": "https://loremflickr.com/400/200/landscape,Uganda/all?lock=20",
    "address": "376 Gaylord Drive, Cassel, 5684, Uganda",
    "tags": [
      "spa",
      "skiing"
    ],
    "intro": "Et ea pariatur commodo deserunt officia est excepteur cillum. Reprehenderit quis ipsum nulla ex dolor occaecat officia minim cupidatat ad mollit.",
    "description": "<p>Nulla ipsum excepteur ex mollit commodo aliquip incididunt nostrud irure anim. Ad ipsum fugiat pariatur quis ea aute quis veniam culpa elit. Ea nisi ipsum reprehenderit fugiat esse excepteur sunt cupidatat ea consectetur officia ipsum.</p><p>Ullamco sint labore aute cupidatat. Et sunt eiusmod officia commodo laboris enim ipsum cupidatat irure nisi incididunt consequat dolore voluptate. Ullamco reprehenderit qui laborum proident ullamco deserunt voluptate non dolor. Ullamco cupidatat nulla qui ea duis dolor officia mollit dolor quis deserunt. Cillum in anim enim ut culpa quis in ea consectetur ea. Ut dolore officia nisi elit aliquip. Excepteur ad exercitation aliqua aliqua.</p><p>Commodo nulla consequat ea ullamco qui aute proident pariatur proident qui nulla commodo. Irure nostrud fugiat aliquip laborum fugiat dolor minim. Consequat velit voluptate do pariatur reprehenderit quis. Cillum nulla ad consequat ut anim.</p><p>Ipsum consequat sunt incididunt anim culpa velit et cillum irure exercitation voluptate excepteur. Magna eu voluptate duis ad eiusmod. Labore ullamco aliqua irure Lorem laboris ea irure cillum. Ut quis ullamco sint cupidatat deserunt cupidatat minim et eiusmod. Consequat tempor ad adipisicing adipisicing labore reprehenderit. Est veniam eu Lorem duis deserunt occaecat velit veniam fugiat. Amet ut dolor consequat ex nostrud id consectetur ad occaecat officia commodo.</p>"
  },
  {
    "id": "5cc1d101c3cbdbf3e23c0cb3",
    "country": {
      "name": "Tokelau",
      "code": "TKL"
    },
    "name": "Tremendous jaunt in strange Tokelau",
    "days": 2,
    "cost": "$15,745.33",
    "image": "https://loremflickr.com/400/200/landscape,Tokelau/all?lock=21",
    "address": "711 Kane Place, Neibert, 764, Tokelau",
    "tags": [
      "child-friendly"
    ],
    "intro": "Laborum proident pariatur adipisicing Lorem. Amet culpa velit deserunt velit magna occaecat exercitation commodo adipisicing dolore duis est.",
    "description": "<p>Occaecat consectetur sint Lorem commodo tempor consectetur velit culpa id elit. Ex cillum proident nisi non commodo cillum deserunt et. Quis voluptate elit est reprehenderit esse labore mollit. Est nulla voluptate proident esse sint officia irure officia est nostrud.</p><p>Tempor voluptate nostrud fugiat officia do et anim Lorem enim. Nulla ex pariatur velit tempor ipsum ad nostrud est. Commodo fugiat sit veniam nostrud et duis anim quis. Amet occaecat Lorem velit dolore reprehenderit ullamco et consequat dolore sint laboris adipisicing reprehenderit anim. Qui reprehenderit et ad dolor mollit sit irure incididunt nulla eu commodo pariatur. Consequat sunt tempor enim cupidatat anim ullamco minim.</p><p>Dolor mollit esse aute aliquip. Commodo deserunt aute aliqua occaecat in exercitation qui consectetur. Veniam sint enim ullamco labore elit quis duis incididunt proident sint. Lorem sit mollit velit occaecat voluptate occaecat labore culpa elit. Reprehenderit incididunt ad pariatur do elit aliquip veniam occaecat officia. Do labore qui elit mollit eiusmod nostrud ex. Esse in eu ea pariatur est ex duis.</p>"
  },
  {
    "id": "5cc1d101bc3e2bc2d8ca030d",
    "country": {
      "name": "Togo",
      "code": "TGO"
    },
    "name": "Wondrous expedition in tremendous Togo",
    "days": 5,
    "cost": "$21,420.59",
    "image": "https://loremflickr.com/400/200/landscape,Togo/all?lock=22",
    "address": "738 Ovington Court, Ona, 1712, Togo",
    "tags": [
      "all-inclusive"
    ],
    "intro": "Consectetur ea commodo ut fugiat. Lorem dolore fugiat elit adipisicing magna. Dolor culpa sit non dolor minim ipsum ipsum.",
    "description": "<p>Eiusmod esse mollit do veniam sunt ipsum sunt elit duis aute Lorem. Eiusmod ipsum do ex Lorem sunt labore aliqua ad. Labore sunt id irure dolor non sint. Ex culpa consequat mollit occaecat occaecat aliqua velit eu aliqua aliqua ea non velit. Deserunt eu eiusmod laboris nisi veniam duis do aliqua adipisicing commodo excepteur.</p><p>Veniam irure cillum anim velit dolor occaecat incididunt aute do occaecat consequat officia. Ut adipisicing excepteur do Lorem excepteur voluptate veniam id ad qui est. Proident consequat magna qui veniam velit et consectetur magna do adipisicing eiusmod. Eiusmod proident esse sunt velit eiusmod aliquip nulla et ipsum ipsum consequat quis excepteur. Ea excepteur in aliquip deserunt enim sint labore aliqua irure consectetur consectetur in. Nisi laboris elit non elit.</p><p>Cillum non sint ullamco ex ut exercitation elit. Adipisicing aute nulla nisi dolor consequat. Proident duis ut cupidatat do ut aliqua duis amet deserunt id velit mollit culpa. Amet aliqua culpa sunt cillum dolore esse culpa fugiat enim non mollit laborum enim.</p><p>Adipisicing nisi minim consequat consectetur elit qui irure aute eu quis proident id. Cillum anim velit nisi ipsum in aliquip labore amet sunt ipsum quis occaecat. Velit est est culpa esse enim ipsum elit. Ea velit in enim irure sit officia aliquip esse cillum ad duis incididunt. In ipsum ut duis id laboris est nulla non nulla exercitation incididunt. Anim ad et non fugiat ipsum exercitation.</p>"
  },
  {
    "id": "5cc1d1013d4adc0ff0d2dab8",
    "country": {
      "name": "Thailand",
      "code": "THA"
    },
    "name": "Tremendous foray in remarkable Thailand",
    "days": 5,
    "cost": "$40,052.13",
    "image": "https://loremflickr.com/400/200/landscape,Thailand/all?lock=23",
    "address": "579 Caton Avenue, Southview, 8918, Thailand",
    "tags": [
      "skiing"
    ],
    "intro": "Dolore non labore elit velit do exercitation nulla. Fugiat est dolor voluptate Lorem nulla quis amet. Et adipisicing mollit laboris sit amet minim laboris excepteur magna.",
    "description": "<p>In id fugiat ex esse tempor mollit ut tempor nulla nostrud. Laboris sunt est qui veniam veniam pariatur magna aliquip duis id fugiat. Dolore sunt dolore mollit eu. Mollit tempor irure quis veniam sunt anim dolor exercitation.</p><p>Dolor reprehenderit Lorem non amet duis dolore quis consectetur commodo consequat et. Minim labore anim deserunt dolore eu exercitation sint occaecat ullamco. Ullamco irure in cillum irure qui ad commodo nostrud id et elit adipisicing mollit amet. Aliquip pariatur deserunt laborum amet esse duis labore do fugiat ullamco elit laboris proident qui. Consequat proident culpa nostrud do enim aute laboris.</p><p>Ea minim nostrud veniam anim nisi. Voluptate do aute tempor do labore nostrud exercitation voluptate deserunt culpa. Est quis amet adipisicing anim dolor minim voluptate enim minim sunt qui. Nulla quis dolore mollit exercitation eu magna enim qui deserunt voluptate.</p>"
  },
  {
    "id": "5cc1d101b6e68c2984603b70",
    "country": {
      "name": "Ukraine",
      "code": "UKR"
    },
    "name": "Awesome cruise in excellent Ukraine",
    "days": 13,
    "cost": "$62,584.29",
    "image": "https://loremflickr.com/400/200/landscape,Ukraine/all?lock=24",
    "address": "578 Banner Avenue, Wyoming, 4547, Ukraine",
    "tags": [
      "child-friendly"
    ],
    "intro": "Nostrud non pariatur laborum pariatur pariatur quis laborum esse. Mollit eiusmod et tempor irure non dolore. Exercitation labore mollit reprehenderit ea nisi.",
    "description": "<p>Deserunt duis ea officia irure ad consectetur duis sunt ad cillum. Culpa adipisicing laboris adipisicing quis aliquip minim ex anim voluptate occaecat ullamco ea. Labore do nulla amet in qui nulla ex adipisicing magna. Sunt occaecat est mollit ad cupidatat pariatur cupidatat occaecat ex duis dolor.</p><p>Enim culpa cillum reprehenderit deserunt deserunt. Ex ut nostrud eu excepteur qui commodo id pariatur tempor consequat. Qui duis officia occaecat dolore nostrud anim incididunt nisi.</p><p>Excepteur labore eu ut est aliquip aliqua eiusmod. Duis et enim ad reprehenderit et excepteur consequat eiusmod amet et dolor elit magna ex. Officia et nostrud eiusmod dolore excepteur esse cillum aliqua mollit qui anim. Proident proident ipsum sit aute culpa tempor reprehenderit ipsum. Mollit excepteur excepteur dolor deserunt ut.</p><p>Velit irure do deserunt tempor reprehenderit in Lorem irure non proident. Reprehenderit magna sit excepteur dolore aute Lorem ad aliquip nostrud nulla eu cillum. Culpa non cupidatat ipsum nostrud laboris eu. Ullamco quis aliqua laboris sit adipisicing laboris ullamco nisi culpa duis culpa nisi cupidatat.</p>"
  },
  {
    "id": "5cc1d101ea12c96fccb428ea",
    "country": {
      "name": "Ukraine",
      "code": "UKR"
    },
    "name": "Astonishing swing in admirable Ukraine",
    "days": 10,
    "cost": "$98,238.03",
    "image": "https://loremflickr.com/400/200/landscape,Ukraine/all?lock=25",
    "address": "985 Burnett Street, Walton, 1890, Ukraine",
    "tags": [
      "pool"
    ],
    "intro": "Deserunt incididunt elit in ipsum magna. Non in magna magna in ad magna sint culpa.",
    "description": "<p>Dolor cillum aute non consequat ad deserunt in culpa Lorem commodo quis. Dolor officia tempor sit proident exercitation reprehenderit proident duis. Occaecat ut excepteur minim do dolore est eu amet ea labore amet. Excepteur eu laborum labore duis adipisicing eu in ex duis.</p><p>Exercitation adipisicing reprehenderit labore esse quis sunt cupidatat. Reprehenderit deserunt consectetur consequat amet. Proident tempor irure occaecat id nostrud excepteur minim minim fugiat cupidatat cillum. Ad laborum deserunt ea velit ipsum id aute. Enim eu nostrud laboris sint exercitation voluptate. Veniam fugiat mollit non enim elit dolor ex. Laborum sit magna adipisicing minim sunt minim proident amet nostrud.</p><p>Reprehenderit veniam consectetur fugiat anim irure labore non cupidatat reprehenderit qui irure. Enim eu ea ea labore aliqua elit veniam. Nostrud id id aliqua ea aliquip aliqua duis ut nulla veniam.</p><p>Do ullamco aliqua culpa esse. Id dolore commodo consectetur sint nulla ex sint aute elit nisi exercitation duis. Non et magna elit excepteur est irure ut aute qui incididunt.</p>"
  }
]